"조사연도","기준연도","학교명","설립별","지역별","교외장학금 소계(원)","교외장학금 국가","교외장학금 지방자치단체","교외장학금 사설및기타","교내장학금 소계(원)","교내장학금 성적우수장학금","교내장학금 저소득층장학금","교내장학금 근로장학금","교내장학금 재난장학금","교내장학금 교직원장학금","교내장학금 기타장학금","총계(원)"
"2024","2023","ICT폴리텍대학","사립","경기","494292500","345050000","0","149242500","167270000","28560000","138710000","0","0","0","0","661562500"
"2024","2023","가야대학교(김해)","사립","경남","4830697828","4709585828","7876000","113236000","1893925885","502964160","766908100","136811642","0","14592000","472649983","6724623713"
"2024","2023","가천대학교","사립","경기","41176426709","39466611710","80007680","1629807319","28576487725","6389911200","9058852920","1477497265","0","128984800","11521241540","69752914434"
"2024","2023","가톨릭관동대학교","사립","강원","16619713888","15808727430","562775810","248210648","5150190571","1707343050","1217291614","370383470","0","91568500","1763603937","21769904459"
"2024","2023","가톨릭꽃동네대학교","사립","충북","1654221901","1545880941","1572960","106768000","574756910","115552000","125315000","90013542","0","0","243876368","2228978811"
"2024","2023","가톨릭대학교","사립","경기","17103695021","15858386921","66405360","1178902740","9591108894","3946848000","2953120000","609959574","0","25569000","2055612320","26694803915"
"2024","2023","가톨릭상지대학교","사립","경북","5060911441","5002911441","0","58000000","1754711840","201880000","40145000","30154340","0","15267000","1467265500","6815623281"
"2024","2023","감리교신학대학교","사립","서울","2306777509","2189330509","14000000","103447000","420799996","246207800","34295000","57463796","0","0","82833400","2727577505"
"2024","2023","강남대학교","사립","경기","14779396735","14590817135","45657600","142922000","5767781540","2298134330","1864000170","290019780","0","51484000","1264143260","20547178275"
"2024","2023","강동대학교","사립","충북","9553114534","9391953068","38019890","123141576","2866031127","124952000","460581527","46966534","0","23970000","2209561066","12419145661"
"2024","2023","강릉영동대학교","사립","강원","6922903669","6560109669","288891000","73903000","1654078775","232786000","300000","34974615","0","39298000","1346720160","8576982444"
"2024","2023","강서대학교","사립","서울","3416795731","3238411401","46966000","131418330","1955000000","259324000","495290365","261143576","0","26502000","912740059","5371795731"
"2024","2023","강원대학교","국공립","강원","42313415885","37160085052","2980036270","2173294563","13062458603","5149382510","2630115340","2466365615","0","0","2816595138","55375874488"
"2024","2023","강원도립대학교","국공립","강원","1171127965","1126522895","6244000","38361070","576039570","80200000","29035000","78095590","0","0","388708980","1747167535"
"2024","2023","거제대학교","사립","경남","3006156069","2981117789","4438280","20600000","1199872776","123468000","331388200","47464786","0","55185300","642366490","4206028845"
"2024","2023","건국대학교","사립","서울","30496771777","26721911112","493149472","3281711193","21041949126","6905762668","9440119202","851467507","0","111412000","3733187749","51538720903"
"2024","2023","건국대학교(글로컬)","사립","충북","17686560659","17019798864","185980320","480781475","9104399821","2288953630","1711934700","436830212","1000000","146066000","4519615279","26790960480"
"2024","2023","건양대학교","사립","충남","16295389717","15644882744","13786500","636720473","8859686652","5425305470","1705773480","205428002","0","37814000","1485365700","25155076369"
"2024","2023","건양사이버대학교","사립","대전","7152912917","7146976437","786480","5150000","1317227328","252580000","10460000","33901728","0","16555000","1003730600","8470140245"
"2024","2023","경기과학기술대학교","사립","경기","12659187161","12427490613","125125180","106571368","3716076616","615566500","59926500","184855298","0","6832660","2848895658","16375263777"
"2024","2023","경기대학교","사립","경기","30032520759","29421890499","185632260","424998000","19250131732","7942160800","5292597400","879340006","0","69697000","5066336526","49282652491"
"2024","2023","경남과학기술대학교","국공립","경남","6067891928","5872037908","36407720","159446300","1474390490","625206000","216274370","286236240","0","0","346673880","7542282418"
"2024","2023","경남대학교","사립","경남","22984108868","22435556968","94574900","453977000","10927459850","3876950700","827851650","706177070","9568900","166699600","5340211930","33911568718"
"2024","2023","경남도립거창대학","국공립","경남","1687874890","1669074890","2000000","16800000","1072904250","82300000","842588000","94996250","0","0","53020000","2760779140"
"2024","2023","경남도립남해대학","국공립","경남","1663889025","1595389025","0","68500000","878179470","22800000","37462000","65009270","1000000","0","751908200","2542068495"
"2024","2023","경남정보대학교","사립","부산","19400359810","19184592330","27488560","188278920","4755213782","639866850","184026360","223525642","0","40352760","3667442170","24155573592"
"2024","2023","경동대학교","사립","강원","17244950148","16558175068","478873800","207901280","11529336470","481802000","3149385000","28775000","0","61438000","7807936470","28774286618"
"2024","2023","경민대학교","사립","경기","13120311387","12824641857","152157600","143511930","3665689028","513905400","369478800","265997228","6600000","6812000","2502895600","16786000415"
"2024","2023","경복대학교","사립","경기","19122545344","18969600494","52789850","100155000","6264474246","271984000","2491242250","406567858","0","24417500","3070262638","25387019590"
"2024","2023","경북과학대학교","사립","경북","5501491899","5487316899","0","14175000","2355753586","167064000","18483000","9376486","0","92543400","2068286700","7857245485"
"2024","2023","경북대학교","국공립","대구","46164122846","42643577851","81911480","3438633515","14918343760","7431756050","3910121150","1437437900","0","0","2139028660","61082466606"
"2024","2023","경북도립대학교","국공립","경북","1950101494","1912665494","2936000","34500000","768125964","94600000","69670000","106945124","0","0","496910840","2718227458"
"2024","2023","경북보건대학교","사립","경북","3693401132","3650130522","7302110","35968500","1179899163","366074400","231693140","173904723","0","0","408226900","4873300295"
"2024","2023","경북전문대학교","사립","경북","8500551598","8397242331","72358767","30950500","2133074860","427837834","22975000","42527136","17500000","47872000","1574362890","10633626458"
"2024","2023","경상국립대학교","국공립","경남","34248259475","32794525120","242016020","1211718335","9531928980","4460963390","1540914180","2018868540","0","0","1511182870","43780188455"
"2024","2023","경성대학교","사립","부산","29066100623","28538739242","95511560","431849821","11330015686","4298470300","2347361220","558194696","7864000","64828000","4053297470","40396116309"
"2024","2023","경운대학교","사립","경북","13144497316","12974743676","124943640","44810000","8888102699","574048700","512876100","233066748","0","12712500","7555398651","22032600015"
"2024","2023","경인교육대학교","국공립","인천","3307852189","3014178949","111668580","182004660","2109849446","553378600","475096000","458113846","0","0","623261000","5417701635"
"2024","2023","경인여자대학교","사립","인천","10933361342","10890441462","3819880","39100000","3194819472","688680550","281736500","276371122","0","17104000","1930927300","14128180814"
"2024","2023","경일대학교","사립","경북","20804043197","20608142217","50638500","145262480","8255144109","2255688410","2084259127","235037482","0","55195000","3624964090","29059187306"
"2024","2023","경희대학교","사립","서울","46056772875","41594669600","447068610","4015034665","35441365250","9093666355","13164988075","963902534","0","212841600","12005966686","81498138125"
"2024","2023","경희사이버대학교","사립","서울","13189414940","13154062940","3000000","32352000","5249618560","449036000","52672000","6685310","0","55776500","4685448750","18439033500"
"2024","2023","계명대학교","사립","대구","55057567512","53938684602","182097470","936785440","27063290187","12234894500","3676046000","1907203955","0","237629000","9007516732","82120857699"
"2024","2023","계명문화대학교","사립","대구","15873133480","15741770470","25545010","105818000","5113235576","364396400","88070600","286270408","0","25084000","4349414168","20986369056"
"2024","2023","계원예술대학교","사립","경기","7397429396","7321852996","14816400","60760000","2766932580","824877000","1123998850","415208150","0","10100000","392748580","10164361976"
"2024","2023","고려대학교","사립","서울","38704034432","28187613272","900206320","9616214840","30163612682","2585703800","9254404378","4174248629","2000000","383611000","13763644875","68867647114"
"2024","2023","고려대학교(세종)","사립","세종","13092025924","12748982807","53120500","289922617","9684430537","625500500","4187664800","924985287","0","143989000","3802290950","22776456461"
"2024","2023","고려사이버대학교","사립","서울","7816188552","7687712152","13252200","115224200","2772256248","432138000","108624000","2367598","0","38828000","2190298650","10588444800"
"2024","2023","고신대학교","사립","부산","9275496555","8687691882","14170000","573634673","3329190157","1186639000","203521900","287966614","0","116899000","1534163643","12604686712"
"2024","2023","공주교육대학교","국공립","충남","2204251900","2128186900","38646000","37419000","1004599080","353628000","93927000","285725080","0","0","271319000","3208850980"
"2024","2023","광신대학교","사립","광주","1638118286","1624118286","0","14000000","567187334","6133000","0","32296334","0","0","528758000","2205305620"
"2024","2023","광양보건대학교","사립","전남","8300000","0","0","8300000","31420000","1300000","0","0","0","12720000","17400000","39720000"
"2024","2023","광운대학교","사립","서울","16367460297","15859383137","106946660","401130500","9721698972","2557115500","2562213400","1377740602","0","30176000","3194453470","26089159269"
"2024","2023","광주가톨릭대학교","사립","전남","0","","","","0","","","","","","","0"
"2024","2023","광주과학기술원","국공립","광주","595968749","518208749","6000000","71760000","4685160781","154706000","108150000","8939866","0","0","4413364915","5281129530"
"2024","2023","광주교육대학교","국공립","광주","3902078047","3242967487","630338200","28772360","982443338","225672500","79712500","309413588","0","0","367644750","4884521385"
"2024","2023","광주대학교","사립","광주","17677016195","17458303235","24172960","194540000","6621321134","1190055600","539019500","182534944","2116000","78338000","4629257090","24298337329"
"2024","2023","광주보건대학교","사립","광주","9892214071","9814920071","6000000","71294000","1784933968","752683200","535565100","70418688","0","37272800","388994180","11677148039"
"2024","2023","광주여자대학교","사립","광주","11322042346","11134282286","23819060","163941000","4207915055","776244300","509658000","353889685","0","2623000","2565500070","15529957401"
"2024","2023","구미대학교","사립","경북","19201616962","19010142542","92216420","99258000","8609905488","290742000","28920320","547862138","0","17528000","7724853030","27811522450"
"2024","2023","국립강릉원주대학교","국공립","강원","16710456464","15943824030","211251460","555380974","5853089410","2645063410","1009459190","518852030","0","0","1679714780","22563545874"
"2024","2023","국립공주대학교","국공립","충남","24541999695","24074309470","128103710","339586515","7779279706","3559791681","1574370500","1170458080","3285800","0","1471373645","32321279401"
"2024","2023","국립군산대학교","국공립","전북","14547825608","13984339543","278825140","284660925","3842545652","2073962750","631551760","290817712","110700","0","846102730","18390371260"
"2024","2023","국립금오공과대학교","국공립","경북","11970404782","11325151182","34085280","611168320","2657358528","651133840","637070600","377164188","0","0","991989900","14627763310"
"2024","2023","국립목포대학교","국공립","전남","18712556536","17548607321","566628120","597321095","3583644814","1228719960","687223900","714747114","0","0","952953840","22296201350"
"2024","2023","국립목포해양대학교","국공립","전남","4651229815","4103045225","42866590","505318000","1271962480","727766000","63836000","168016820","0","0","312343660","5923192295"
"2024","2023","국립부경대학교","국공립","부산","33414337985","31719842965","101258210","1593236810","9726311800","3008724750","2741235010","1754547980","0","0","2221804060","43140649785"
"2024","2023","국립순천대학교","국공립","전남","14835397524","14108717557","394623620","332056347","3856723735","1674332000","1181107500","311583755","0","0","689700480","18692121259"
"2024","2023","국립안동대학교","국공립","경북","13115409105","12248511320","485798480","381099305","3011436263","1539746530","736295950","388558013","0","0","346835770","16126845368"
"2024","2023","국립창원대학교","국공립","경남","16343257083","15649631423","22260710","671364950","5295259410","1664614470","1356038480","1020658582","0","0","1253947878","21638516493"
"2024","2023","국립한국교통대학교","국공립","충북","16668625873","16420496043","82253830","165876000","6112466014","3555204250","374460000","1082527744","0","0","1100274020","22781091887"
"2024","2023","국립한국해양대학교","국공립","부산","13869076127","12149732547","222108400","1497235180","3120163310","1913585810","693721900","229751600","0","0","283104000","16989239437"
"2024","2023","국립한밭대학교","국공립","대전","17333273528","16989932088","67742380","275599060","5656398054","2424318650","1200880160","1161475754","0","0","869723490","22989671582"
"2024","2023","국민대학교","사립","서울","33675034030","31178487649","102652240","2393894141","20272648922","4883728540","5645006620","1661182570","0","72074000","8010657192","53947682952"
"2024","2023","국제대학교","사립","경기","7440975507","7324278007","6800000","109897500","1976688448","217764000","673006570","111589150","0","42325000","932003728","9417663955"
"2024","2023","국제사이버대학교","사립","경기","5827410000","5827410000","0","0","1527255000","227703000","465891000","0","0","157290000","676371000","7354665000"
"2024","2023","군산간호대학교","사립","전북","2976754186","2951754186","0","25000000","850000000","184187000","283208335","26712998","0","0","355891667","3826754186"
"2024","2023","군장대학교","사립","전북","4746935193","4694735193","2900000","49300000","1344241584","61798040","50500000","14792194","0","61983000","1155168350","6091176777"
"2024","2023","극동대학교","사립","충북","6886010499","6826402779","7105720","52502000","3402404492","910429540","649512500","286226642","0","53158400","1503077410","10288414991"
"2024","2023","글로벌사이버대학교","사립","충남","3314453450","3302637450","0","11816000","910754200","8610000","15708000","3702700","0","12600000","870133500","4225207650"
"2024","2023","금강대학교","사립","충남","459351646","459351646","0","0","874110746","656131335","0","27554998","0","0","190424413","1333462392"
"2024","2023","기독간호대학교","사립","광주","1563511085","1556340278","0","7170807","357298827","149967000","124045621","7950398","0","0","75335808","1920809912"
"2024","2023","김천대학교","사립","경북","7099951023","6742631884","249739627","107579512","3313505621","540247500","189973667","109004784","0","34411600","2439868070","10413456644"
"2024","2023","김포대학교","사립","경기","2457466597","2433281497","4185100","20000000","2684790668","152792500","1615266700","19224878","0","5703000","891803590","5142257265"
"2024","2023","김해대학교","사립","경남","5610375762","5446093762","7968000","156314000","1262216074","267150600","11139200","96316674","0","0","887609600","6872591836"
"2024","2023","나사렛대학교","사립","충남","15189323431","15057095671","12243760","119984000","5991023744","2436674000","1492149250","259173494","0","53770000","1749257000","21180347175"
"2024","2023","나주대학교","사립","전남","238794625","233994625","0","4800000","3513780500","0","174194000","0","0","0","3339586500","3752575125"
"2024","2023","남부대학교","사립","광주","7147184054","7085553994","3000000","58630060","3437630730","534191220","397596900","25717530","0","0","2480125080","10584814784"
"2024","2023","남서울대학교","사립","충남","22059455357","21671060877","69475480","318919000","13067999648","4785342750","5228690660","323086788","0","142011000","2588868450","35127455005"
"2024","2023","농협대학교","사립","경기","696182747","673444007","7738740","15000000","358988238","170226000","80066000","16628238","0","0","92068000","1055170985"
"2024","2023","단국대학교","사립","경기","46778220862","45180740849","101828670","1495651343","25470280047","10331859481","6276151039","554343414","0","242097000","8065829113","72248500909"
"2024","2023","대경대학교","사립","경북","11731285545","11657541915","9038830","64704800","5302141842","198888520","0","123396392","0","12280200","4967576730","17033427387"
"2024","2023","대구가톨릭대학교","사립","경북","34963289028","34127864688","336912130","498512210","12186144084","3657564641","326576700","1361704208","0","472503500","6367795035","47149433112"
"2024","2023","대구경북과학기술원","국공립","대구","180429969","177429969","0","3000000","2111938506","9480000","59400000","76326006","0","0","1966732500","2292368475"
"2024","2023","대구공업대학교","사립","대구","4440787838","4423537838","0","17250000","1653621592","60730000","0","47798492","0","5800000","1539293100","6094409430"
"2024","2023","대구과학대학교","사립","대구","15730577710","15670095550","3392160","57090000","5162991444","791573300","18259950","344046396","0","5466660","4003645138","20893569154"
"2024","2023","대구교육대학교","국공립","대구","2177438732","1996008172","18739560","162691000","1064521006","264034000","311737000","224442006","0","0","264308000","3241959738"
"2024","2023","대구대학교","사립","경북","50759002090","49175098797","418186980","1165716313","15081238828","7886531750","1067264900","1489875041","0","108086000","4529481137","65840240918"
"2024","2023","대구보건대학교","사립","대구","21144836201","21045776801","5109400","93950000","5871740613","1132156600","72333000","1030720996","0","69546250","3566983767","27016576814"
"2024","2023","대구사이버대학교","사립","경북","5381907750","5375307750","0","6600000","1150694852","116578000","13811250","11994252","0","10875000","997436350","6532602602"
"2024","2023","대구예술대학교","사립","경북","1242283698","1225883698","0","16400000","440790588","98174000","103271000","59245088","0","0","180100500","1683074286"
"2024","2023","대구한의대학교","사립","경북","20775510068","20107412037","273897200","394200831","8618159488","1122881010","143869240","573112588","4921000","83394000","6689981650","29393669556"
"2024","2023","대덕대학교","사립","대전","5274596171","5264819291","776880","9000000","1762444889","205829300","47370140","67228348","0","42673000","1399344101","7037041060"
"2024","2023","대동대학교","사립","부산","3885462813","3816078813","12284000","57100000","1207410234","462895500","153191000","34723044","0","11144500","545456190","5092873047"
"2024","2023","대림대학교","사립","경기","18494829666","18086186306","16627860","392015500","6957644156","1648559770","1685050800","752225624","0","129255230","2742552732","25452473822"
"2024","2023","대신대학교","사립","경북","1877727231","1842527231","0","35200000","447019654","0","170362500","26905654","0","7626000","242125500","2324746885"
"2024","2023","대원대학교","사립","충북","6011354145","5682524155","304010640","24819350","1348680850","310264000","302156000","44062770","0","16983500","675214580","7360034995"
"2024","2023","대전가톨릭대학교","사립","세종","66942960","63370000","1572960","2000000","68890000","0","67090000","1800000","0","0","0","135832960"
"2024","2023","대전과학기술대학교","사립","대전","10131043046","10025622326","3126720","102294000","3171333776","64461000","528432500","72306476","0","35490000","2470643800","13302376822"
"2024","2023","대전대학교","사립","대전","20932739593","20630740408","12349540","289649645","10279539468","2412503000","2805911920","891455342","0","10933000","4158736206","31212279061"
"2024","2023","대전보건대학교","사립","대전","12028033679","11917658879","5874800","104500000","3227559515","1124539450","673857290","652543040","0","26386000","750233735","15255593194"
"2024","2023","대전신학대학교","사립","대전","222606698","207811698","0","14795000","43890062","19092400","1000000","4594162","0","0","19203500","266496760"
"2024","2023","대진대학교","사립","경기","19002049703","18896541703","44061000","61447000","9266527521","1349850000","3563807500","284006222","0","74879000","3993984799","28268577224"
"2024","2023","덕성여자대학교","사립","서울","10278646020","9819869477","177143340","281633203","5389678646","2664549000","811738152","229015303","0","0","1684376191","15668324666"
"2024","2023","동강대학교","사립","광주","7729699623","7703253623","9000000","17446000","1499212782","44910000","80797000","40164702","0","4246000","1329095080","9228912405"
"2024","2023","동국대학교","사립","서울","27283555455","24647233791","91930760","2544390904","18585289338","5188432500","3447723420","2415423068","0","84053000","7449657350","45868844793"
"2024","2023","동국대학교(WISE)","사립","경북","18191870392","17604685938","247322950","339861504","8302998390","2210898400","1124330310","367800680","12798000","77547600","4509623400","26494868782"
"2024","2023","동남보건대학교","사립","경기","11223509030","11052375400","13731000","157402630","3844061162","1844865350","1211065400","79198562","0","31327600","677604250","15067570192"
"2024","2023","동덕여자대학교","사립","서울","14122667161","13758120914","95652420","268893827","8712682938","3887956000","2494766980","616183228","0","13568000","1700208730","22835350099"
"2024","2023","동명대학교","사립","부산","22826964464","22492212094","53230480","281521890","7771697533","1584734270","395819470","339552958","0","99528460","5352062375","30598661997"
"2024","2023","동서대학교","사립","부산","27475063019","27147985019","35930000","291148000","8869353468","3379699700","1574655567","498604700","9428000","58742700","3348222801","36344416487"
"2024","2023","동서울대학교","사립","경기","14764357948","14527146868","9747080","227464000","4589045698","1618874000","997180000","661253698","0","32820000","1278918000","19353403646"
"2024","2023","동신대학교","사립","전남","17908347910","17516521978","135400000","256425932","6584606912","221405160","16731000","352995862","1479900","79339000","5912655990","24492954822"
"2024","2023","동아대학교","사립","부산","46775048570","42925196124","252346658","3597505788","15984619257","6938702783","5869931950","962314950","0","154911200","2058758374","62759667827"
"2024","2023","동아방송예술대학교","사립","경기","8799561114","8668861314","43433140","87266660","2644009486","974455320","981468900","86659266","0","25594200","575831800","11443570600"
"2024","2023","동아보건대학교","사립","전남","3566911156","3404451946","12334210","150125000","575373069","39615000","0","13401960","0","12000000","510356109","4142284225"
"2024","2023","동양대학교","사립","경북","10500356264","10195968644","220776620","83611000","4926784952","782344365","436144999","104008462","0","26742000","3577545126","15427141216"
"2024","2023","동양미래대학교","사립","서울","16263655889","15999564489","69665400","194426000","5862580000","1319644280","1390049244","1643286676","0","80954000","1428645800","22126235889"
"2024","2023","동원과학기술대학교","사립","경남","7904239591","7552829631","96409960","255000000","1840794158","146771600","215226000","69754558","0","32208100","1376833900","9745033749"
"2024","2023","동원대학교","사립","경기","8059174280","8032759780","7914500","18500000","2528513082","5141370","0","89473852","6667550","156970700","2270259610","10587687362"
"2024","2023","동의과학대학교","사립","부산","14103668231","13994064231","28630000","80974000","3873077898","328799450","22974250","82398224","0","6168500","3432737474","17976746129"
"2024","2023","동의대학교","사립","부산","38030522799","37379422039","186693260","464407500","15312897890","4998214990","5062767270","1382398196","0","221107000","3648410434","53343420689"
"2024","2023","두원공과대학교","사립","경기","5831061855","5709889855","2000000","119172000","1524767430","354902300","0","80233430","0","22752000","1066879700","7355829285"
"2024","2023","디지털서울문화예술대학교","사립","서울","4610144749","4604004749","6140000","0","1470113539","95925000","126500000","35172206","0","1680000","1210836333","6080258288"
"2024","2023","루터대학교","사립","경기","1129481225","1106630225","1000000","21851000","375064850","14805000","114800000","35391850","0","0","210068000","1504546075"
"2024","2023","마산대학교","사립","경남","14897064030","14682333790","9110240","205620000","4233581800","962619990","650549990","383662000","0","37300000","2199449820","19130645830"
"2024","2023","명지대학교","사립","경기","28977090625","28407329425","185179200","384582000","16017500611","3006493500","3181219571","1136394130","0","120112000","8573281410","44994591236"
"2024","2023","명지전문대학","사립","서울","20016547737","19834339287","69297050","112911400","5133331641","500185700","1867062302","900539692","0","125748900","1739795047","25149879378"
"2024","2023","목원대학교","사립","대전","19015757125","18809024965","56898160","149834000","8978759166","1925778650","2364592040","566425470","0","117093000","4004870006","27994516291"
"2024","2023","목포가톨릭대학교","사립","전남","1998618081","1809448081","3000000","186170000","506312814","415013900","33685000","5192614","0","0","52421300","2504930895"
"2024","2023","목포과학대학교","사립","전남","9848095767","9473274087","21916680","352905000","1540930148","79797770","319605280","224547178","0","93895250","823084670","11389025915"
"2024","2023","문경대학교","사립","경북","3012963153","2435720273","49670800","527572080","568394282","126906520","233453480","45088494","0","0","162945788","3581357435"
"2024","2023","배재대학교","사립","대전","18804363381","18606420601","73464060","124478720","8613468000","1213608990","4152323380","470609270","0","99598000","2677328360","27417831381"
"2024","2023","배화여자대학교","사립","서울","6429291377","6323761077","8550300","96980000","1862266618","793199680","663660000","67757738","0","0","337649200","8291557995"
"2024","2023","백석대학교","사립","충남","29640018898","29389710098","8330000","241978800","12253099094","4042784400","4054561360","279758240","0","184316000","3691679094","41893117992"
"2024","2023","백석문화대학교","사립","충남","12183598909","12096301699","12326320","74970890","3345394826","629011190","806626400","144641376","0","155625000","1609490860","15528993735"
"2024","2023","백제예술대학교","사립","전북","2285226133","2277146133","0","8080000","678625507","213367200","269072107","35550000","0","0","160636200","2963851640"
"2024","2023","부산가톨릭대학교","사립","부산","12065462296","11883350296","29397000","152715000","3982869775","1030318000","977917666","374571379","0","28608000","1571454730","16048332071"
"2024","2023","부산경상대학교","사립","부산","9521212226","9410209041","15447185","95556000","2674244543","36944000","8168000","154883898","0","23202000","2451046645","12195456769"
"2024","2023","부산과학기술대학교","사립","부산","10916134451","10770610831","16298120","129225500","3568260797","233650534","8488000","67468388","0","33216300","3225437575","14484395248"
"2024","2023","부산교육대학교","국공립","부산","2599705762","2058286402","409481360","131938000","934218308","431486000","103626000","179700308","0","0","219406000","3533924070"
"2024","2023","부산대학교","국공립","부산","41172302225","37533382630","856363545","2782556050","15804236632","5976255810","6226664380","1687274482","0","0","1914041960","56976538857"
"2024","2023","부산디지털대학교","사립","부산","4322228563","4297270563","1118000","23840000","653258087","26012000","30548000","4007920","0","0","592690167","4975486650"
"2024","2023","부산보건대학교","사립","부산","8034275456","7981436456","3719000","49120000","2068796103","598179200","10356300","98288053","0","22907000","1339065550","10103071559"
"2024","2023","부산여자대학교","사립","부산","6034942467","5948492467","0","86450000","1396451862","135627000","378459600","111611462","0","6308000","764445800","7431394329"
"2024","2023","부산예술대학교","사립","부산","2365229810","2328161810","0","37068000","572098102","41738000","10000000","19495052","0","0","500865050","2937327912"
"2024","2023","부산외국어대학교","사립","부산","14359292153","13916311773","51247080","391733300","6796191952","1073010000","1093363020","829945396","0","42690000","3757183536","21155484105"
"2024","2023","부산장신대학교","사립","경남","592954714","583804714","0","9150000","162238156","27948500","1200000","17860156","0","6327000","108902500","755192870"
"2024","2023","부천대학교","사립","경기","22310055056","22198303376","1500000","110251680","6597835832","1925313740","1933921250","602244232","0","43513600","2092843010","28907890888"
"2024","2023","사이버한국외국어대학교","사립","서울","6554817163","6528001163","1940000","24876000","2154707832","171813334","115920000","0","0","30600000","1836374498","8709524995"
"2024","2023","삼육대학교","사립","서울","13767826737","13182976571","261748000","323102166","7395538105","1241352200","1932184460","1417503739","3200000","251772500","2549525206","21163364842"
"2024","2023","삼육보건대학교","사립","서울","2786547019","2733618019","17929000","35000000","1145132613","337509600","261012571","153772282","0","2869000","389969160","3931679632"
"2024","2023","상명대학교","사립","서울","26713160490","26140471470","106580820","466108200","15459172755","5848168633","4825303139","1070516873","0","32293000","3682891110","42172333245"
"2024","2023","상지대학교","사립","강원","13881151845","12899699830","606180600","375271415","6498750831","879567900","1699347700","135727498","0","163578200","3620529533","20379902676"
"2024","2023","상지영서대학교","사립","강원","16530000","15690000","840000","0","3960000","0","0","0","0","0","3960000","20490000"
"2024","2023","서강대학교","사립","서울","13718059176","10996750260","120535350","2600773566","9619419770","1055230000","5251124000","1969523363","0","48930000","1294612407","23337478946"
"2024","2023","서경대학교","사립","서울","13969255838","13846876238","38100600","84279000","8577651320","1876559867","3147375400","1028084406","0","14577300","2511054347","22546907158"
"2024","2023","서영대학교","사립","광주","15542121929","15436711929","7500000","97910000","2844393927","372603000","54791600","119902734","0","6158000","2290938593","18386515856"
"2024","2023","서울과학기술대학교","국공립","서울","19884704532","18750569567","147204830","986930135","9311636383","2257338990","907984780","1750476918","0","0","4395835695","29196340915"
"2024","2023","서울교육대학교","국공립","서울","1718862219","1559277219","25962000","133623000","807277523","225546000","172300000","132137206","0","0","277294317","2526139742"
"2024","2023","서울기독대학교","사립","서울","775706272","619181372","1397700","155127200","582858553","128992000","42922800","22266953","0","0","388676800","1358564825"
"2024","2023","서울대학교","국공립","서울","34697922753","20646494373","194902100","13856526280","17968462257","102210000","4948145460","4197094307","0","0","8721012490","52666385010"
"2024","2023","서울디지털대학교","사립","서울","11442511100","11440511100","2000000","0","5068956150","696172200","121499550","0","0","54306000","4196978400","16511467250"
"2024","2023","서울사이버대학교","사립","서울","19050278534","19022307600","12333334","15637600","8774029600","806976500","89391300","0","0","14274000","7863387800","27824308134"
"2024","2023","서울시립대학교","국공립","서울","13167404928","11546555700","28836370","1592012858","5824516550","1227841750","1037159250","2014788150","0","0","1544727400","18991921478"
"2024","2023","서울신학대학교","사립","경기","7537196635","7420892035","2100600","114204000","2148321830","418884300","901156500","234691830","0","34627000","558962200","9685518465"
"2024","2023","서울여자간호대학교","사립","서울","1631629355","1591730355","29000000","10899000","789992610","273854068","161649000","36808252","0","0","317681290","2421621965"
"2024","2023","서울여자대학교","사립","서울","15857240003","15151809203","194615280","510815520","8322545805","1808728800","4252958150","591990845","0","50100000","1618768010","24179785808"
"2024","2023","서울예술대학교","사립","경기","8013763579","7758012179","72074400","183677000","3679849638","1005766500","1196741267","607080071","0","21140000","849121800","11693613217"
"2024","2023","서울장신대학교","사립","경기","970057774","955057774","0","15000000","470060336","135819000","84876000","83744936","0","13884000","151736400","1440118110"
"2024","2023","서울한영대학교","사립","서울","1877940481","1838091301","7324180","32525000","487802664","102818850","101115000","62917974","0","1859500","219091340","2365743145"
"2024","2023","서원대학교","사립","충북","18704444301","18229510741","269842060","205091500","7580997234","1592612700","599021100","745704696","0","61393600","4582265138","26285441535"
"2024","2023","서일대학교","사립","서울","14899822683","14769511923","13205760","117105000","5159595628","1896421117","1924309740","448677386","0","36537000","853650385","20059418311"
"2024","2023","서정대학교","사립","경기","19304050627","19257935987","8416000","37698640","10393025279","252355440","24497000","534695020","0","19127160","9562350659","29697075906"
"2024","2023","선린대학교","사립","경북","5863878264","5815177264","0","48701000","1564054280","332936700","265517100","83830980","0","22204300","859565200","7427932544"
"2024","2023","선문대학교","사립","충남","25034235302","23117406032","97007910","1819821360","11275810755","1466428800","2978057355","721595225","0","192308000","5917421375","36310046057"
"2024","2023","성결대학교","사립","경기","11935455380","11789785780","44490300","101179300","5720590167","2936866767","298299100","714863606","0","56922000","1713638694","17656045547"
"2024","2023","성공회대학교","사립","서울","5745135876","5604304076","95113400","45718400","2291331266","610294610","957106180","117810836","0","10861900","595257740","8036467142"
"2024","2023","성균관대학교","사립","서울","30904620842","25011076808","348884540","5544659494","32094263309","8581712270","8131937834","2816509605","0","0","12564103600","62998884151"
"2024","2023","성신여자대학교","사립","서울","19046148909","18230759889","244050180","571338840","13218344826","6882693400","3330103400","989883146","0","4499000","2011165880","32264493735"
"2024","2023","성운대학교","사립","경북","5561167096","5539667096","6000000","15500000","1252532654","0","0","3103324","0","0","1249429330","6813699750"
"2024","2023","세경대학교","사립","강원","3091048686","2647956186","216157500","226935000","535165674","94475800","148167350","30258524","0","6310000","255954000","3626214360"
"2024","2023","세명대학교","사립","충북","19659254706","17601463791","1716705560","341085355","7905057628","2472356550","293806950","552200128","0","88704750","4497989250","27564312334"
"2024","2023","세종대학교","사립","서울","21782533164","21050314341","12811000","719407823","16355238190","3131162000","7192922500","1119844090","10750000","19128000","4881431600","38137771354"
"2024","2023","세종사이버대학교","사립","서울","16141882970","16122606970","11540000","7736000","3976849059","112760000","10140000","37250392","0","32130000","3784568667","20118732029"
"2024","2023","세한대학교","사립","전남","10094325355","9808269501","3011520","283044334","4289150896","369841867","336989667","105809338","0","7310000","3469200024","14383476251"
"2024","2023","송곡대학교","사립","강원","1703515156","1654141156","30040000","19334000","654754296","186483800","0","80543996","0","500000","387226500","2358269452"
"2024","2023","송원대학교","사립","광주","9127073144","9042721144","11294500","73057500","3100788044","128816250","0","115540314","0","146006750","2710424730","12227861188"
"2024","2023","송호대학교","사립","강원","2549492048","2413402528","94930000","41159520","534195657","120242920","0","52681577","0","7077500","354193660","3083687705"
"2024","2023","수성대학교","사립","대구","11134830745","11086361865","3671880","44797000","3989853360","613778000","43835000","64394210","0","14735000","3253111150","15124684105"
"2024","2023","수원가톨릭대학교","사립","경기","491500650","208750150","0","282750500","546132200","31091700","0","0","0","0","515040500","1037632850"
"2024","2023","수원과학대학교","사립","경기","6794461118","6668969118","1664000","123828000","2695218506","1028646000","811925900","96033006","0","24003000","734610600","9489679624"
"2024","2023","수원대학교","사립","경기","16760274951","16513799951","12511000","233964000","12485516686","6350152500","3611730000","478258186","0","31903000","2013473000","29245791637"
"2024","2023","수원여자대학교","사립","경기","9187448204","9106027084","4693000","76728120","3377894188","401694413","1320831666","212349332","0","10088000","1432930777","12565342392"
"2024","2023","숙명여자대학교","사립","서울","21076691141","19148869171","278491980","1649329990","14155898505","5369616800","4348130700","1368330540","0","24780000","3045040465","35232589646"
"2024","2023","순복음총회신학교","사립","충북","422970000","422970000","0","0","95710000","6840000","0","0","0","0","88870000","518680000"
"2024","2023","순천제일대학교","사립","전남","7706392166","7620342166","54000000","32050000","1730162382","195427000","1400000","75800882","0","16511000","1441023500","9436554548"
"2024","2023","순천향대학교","사립","충남","27319818088","26298266605","26448960","995102523","16510430896","4747195370","3012933170","591792950","4881100","134428000","8019200306","43830248984"
"2024","2023","숭실대학교","사립","서울","29372082911","26315513518","554327000","2502242393","14725946841","3591215000","2095098500","1173726182","0","28017000","7837890159","44098029752"
"2024","2023","숭실사이버대학교","사립","서울","9175691895","9160219895","2000000","13472000","4565962606","246062000","1137208320","0","0","155248000","3027444286","13741654501"
"2024","2023","숭의여자대학교","사립","서울","8043983441","7957643041","14241400","72099000","3243131797","901534717","800982360","528964650","770000","0","1010880070","11287115238"
"2024","2023","신경주대학교","사립","경북","425001762","411045762","0","13956000","3185727638","34178000","53666000","14125138","0","0","3083758500","3610729400"
"2024","2023","신구대학교","사립","경기","16380785390","16208629590","17365800","154790000","5434030280","1316427200","1896517550","548013230","0","82058900","1591013400","21814815670"
"2024","2023","신라대학교","사립","부산","19496436760","19134515660","75344100","286577000","6803559221","2032522400","1792171365","392742506","0","28496200","2557626750","26299995981"
"2024","2023","신성대학교","사립","충남","8092794118","7875904118","19000000","197890000","2056981410","266123000","248117000","94961704","0","53475500","1394304206","10149775528"
"2024","2023","신안산대학교","사립","경기","6316456499","6150831982","59515300","106109217","2007192918","232203273","4000000","28190578","0","18374000","1724425067","8323649417"
"2024","2023","신한대학교","사립","경기","16841845141","16678086941","70908200","92850000","7739580849","2584640000","1988389200","344484829","0","116700000","2705366820","24581425990"
"2024","2023","아신대학교","사립","경기","1413940856","1366562856","0","47378000","410317714","88230000","17028000","121065714","0","0","183994000","1824258570"
"2024","2023","아주대학교","사립","경기","19738902366","18292354518","38108960","1408438888","12063555401","4071627000","1754763450","1603445676","0","83606000","4550113275","31802457767"
"2024","2023","아주자동차대학교","사립","충남","1122572107","1049201687","57320420","16050000","698021757","209410500","177539700","33762397","0","0","277309160","1820593864"
"2024","2023","안동과학대학교","사립","경북","6217122652","6092829592","7248860","117044200","2033903260","510375900","17926000","69929510","0","35638000","1400033850","8251025912"
"2024","2023","안산대학교","사립","경기","12381143878","12176528728","41836400","162778750","3691497131","877697600","1379607420","39982872","0","16779750","1377429489","16072641009"
"2024","2023","안양대학교","사립","경기","11016546869","10884707269","24419200","107420400","5246594645","2410029400","624170000","750546706","300000","79051000","1382497539","16263141514"
"2024","2023","여주대학교","사립","경기","10601686627","9417926627","15616400","1168143600","2427917666","590087600","548016500","25068366","0","53760000","1210985200","13029604293"
"2024","2023","연성대학교","사립","경기","16278312496","15741723036","132239300","404350160","5458998018","974597000","1284583000","446105598","0","19214000","2734498420","21737310514"
"2024","2023","연세대학교","사립","서울","36286558635","29421153423","548519150","6316886062","32365615521","10937800963","11830059492","2648586625","0","712172000","6236996441","68652174156"
"2024","2023","연세대학교(미래)","사립","강원","14468178238","13459362815","238403130","770412293","9584267604","2717142900","2297966950","1076868356","0","52350500","3439938898","24052445842"
"2024","2023","연암공과대학교","사립","경남","3140193443","3117821443","16458000","5914000","1208279035","497307000","326514000","59870435","0","4649000","319938600","4348472478"
"2024","2023","연암대학교","사립","충남","4648538847","4567718957","3519890","77300000","876593758","360420500","264292360","93368078","0","8000000","150512820","5525132605"
"2024","2023","영남대학교","사립","경북","56914383974","54955579909","374135560","1584668505","24282350384","11807876400","5634405270","620896339","0","272256600","5946915775","81196734358"
"2024","2023","영남신학대학교","사립","경북","1353814004","1330102804","0","23711200","382563930","17457000","119376000","39333930","0","0","206397000","1736377934"
"2024","2023","영남외국어대학","사립","경북","958936475","955186475","0","3750000","741401000","55668000","76981500","1000000","0","0","607751500","1700337475"
"2024","2023","영남이공대학교","사립","대구","17810383544","17561969411","24616100","223798033","6409902970","438263000","0","268098670","0","34139000","5669402300","24220286514"
"2024","2023","영산대학교(해운대)","사립","부산","16181893350","15861581990","164285700","156025660","6130110740","363152700","2104232080","80225710","300000","182199000","3400001250","22312004090"
"2024","2023","영산선학대학교","사립","전남","39480000","0","0","39480000","67000000","0","0","0","0","0","67000000","106480000"
"2024","2023","영진사이버대학교","사립","대구","6686021070","6678391600","0","7629470","985781030","164292000","56965200","0","0","12498000","752025830","7671802100"
"2024","2023","영진전문대학교","사립","대구","22727178924","22454803584","0","272375340","6607339664","1584750063","92247300","395366416","0","39790230","4495185655","29334518588"
"2024","2023","예수대학교","사립","전북","1467390782","1431290782","0","36100000","391445358","190814000","120702420","13367938","0","6954000","59607000","1858836140"
"2024","2023","예원예술대학교","사립","전북","1926840614","1910840614","2000000","14000000","1842383216","250742000","117710000","13917716","0","0","1460013500","3769223830"
"2024","2023","오산대학교","사립","경기","10767196665","10674663265","4685400","87848000","3343330964","1944337930","6041500","56632604","0","58107820","1278211110","14110527629"
"2024","2023","용인대학교","사립","경기","14700356891","14133556511","125682760","441117620","5645295694","1740789000","1536034690","139399304","0","122162000","2106910700","20345652585"
"2024","2023","용인예술과학대학교","사립","경기","7065526125","6945012425","54563700","65950000","1983086720","703166000","0","34953720","0","82561000","1162406000","9048612845"
"2024","2023","우석대학교","사립","전북","17346814566","17067104357","53682400","226027809","5727959118","1144710440","996695570","214498348","0","120545530","3251509230","23074773684"
"2024","2023","우송대학교","사립","대전","24693240154","24395488249","104572840","193179065","14321458944","6764765646","788254430","4463572005","9099600","12888570","2282878693","39014699098"
"2024","2023","우송정보대학","사립","대전","10520652285","10407478765","3107520","110066000","2844686508","310206980","0","245715518","0","0","2288764010","13365338793"
"2024","2023","울산과학기술원","국공립","울산","3694259347","2952307347","488042000","253910000","7513046293","5457772000","54840000","36216135","0","0","1964218158","11207305640"
"2024","2023","울산과학대학교","사립","울산","12797181959","12341821599","1788360","453572000","3606656874","916818000","904193500","203762424","0","58666000","1523216950","16403838833"
"2024","2023","울산대학교","사립","울산","27300327653","23239002027","173395890","3887929736","8558473301","3157700340","2221099400","1090330242","0","154853000","1934490319","35858800954"
"2024","2023","웅지세무대학교","사립","경기","14680000","12180000","2500000","0","614344000","10440000","550470000","0","0","10440000","42994000","629024000"
"2024","2023","원광대학교","사립","전북","33720058606","32366400984","362901220","990756402","14576301202","3002330250","3673527284","315117136","0","300520500","7284806032","48296359808"
"2024","2023","원광디지털대학교","사립","전북","8091853018","8089493018","0","2360000","2377737748","163916000","295811500","7778748","0","43128000","1867103500","10469590766"
"2024","2023","원광보건대학교","사립","전북","13752301427","13351659387","251395040","149247000","2973245860","709810300","257731000","123828460","14000000","32866500","1835009600","16725547287"
"2024","2023","위덕대학교","사립","경북","7033907758","6831083908","137623850","65200000","3526785459","439550884","36360334","46187304","0","68459000","2936227937","10560693217"
"2024","2023","유원대학교","사립","충북","9135121987","9075212387","6109600","53800000","5895613048","661422600","12839800","68424290","0","45888800","5107037558","15030735035"
"2024","2023","유한대학교","사립","경기","12553830281","12246665301","8977480","298187500","3262328810","1302974900","1080046120","544793740","8600000","20272000","305642050","15816159091"
"2024","2023","을지대학교","사립","대전","9641811035","9333792117","69063200","238955718","6349209935","2116327400","2654755840","361983875","0","0","1216142820","15991020970"
"2024","2023","이화여자대학교","사립","서울","27661441532","23147396602","413403680","4100641250","25708938418","7648432500","12026070540","663452978","0","123527000","5247455400","53370379950"
"2024","2023","인덕대학교","사립","서울","15838256527","15581509327","60280200","196467000","4376337291","899935100","2348880605","424480476","0","84724850","618316260","20214593818"
"2024","2023","인제대학교","사립","경남","21448871570","20569893930","56626040","822351600","8640022975","1952200100","2882990700","595163975","16326100","109107500","3084234600","30088894545"
"2024","2023","인천가톨릭대학교","사립","인천","1692039668","1579807108","2100600","110131960","928142270","263040584","75580000","43396086","0","0","546125600","2620181938"
"2024","2023","인천대학교","국공립","인천","25707430247","24725144153","94873390","887412704","10587376906","3795338228","2713110411","2096110956","1100900","0","1981716411","36294807153"
"2024","2023","인하공업전문대학","사립","인천","18126289097","17946396427","53412670","126480000","7443505068","1372225000","1336010400","1406187168","0","13953000","3315129500","25569794165"
"2024","2023","인하대학교","사립","인천","37361367917","34631550371","290797410","2439020136","19403538674","5448223990","4797741000","3215339286","0","143927000","5798307398","56764906591"
"2024","2023","장로회신학대학교","사립","서울","2071781066","1967003066","3000000","101778000","510089774","187578500","96394900","88128774","0","0","137987600","2581870840"
"2024","2023","장안대학교","사립","경기","3695691558","3658741258","8050300","28900000","2626575882","507723000","1264061000","24997282","3049000","6808000","819937600","6322267440"
"2024","2023","재능대학교","사립","인천","9371287800","9288119500","8124500","75043800","3000718560","451625977","874226523","80605350","0","20577800","1573682910","12372006360"
"2024","2023","전남과학대학교","사립","전남","11383842176","11319642176","0","64200000","2111296768","128855000","162334000","114973668","0","58964000","1646170100","13495138944"
"2024","2023","전남대학교","국공립","광주","43042910928","39995110182","498806110","2548994636","12356905360","6550430400","3497672820","853746650","0","0","1455055490","55399816288"
"2024","2023","전남도립대학교","국공립","전남","1623755850","1555255850","28000000","40500000","661419650","124946000","2189500","31078650","0","0","503205500","2285175500"
"2024","2023","전북과학대학교","사립","전북","5676688610","5652748610","0","23940000","1426096888","180382000","92054000","62596898","0","45246000","1045817990","7102785498"
"2024","2023","전북대학교","국공립","전북","38892631077","36918933587","339620990","1634076500","12864329086","5040404000","4221837290","1429978180","13633000","0","2158476616","51756960163"
"2024","2023","전주교육대학교","국공립","전북","1289679020","1264494520","12447500","12737000","394856380","237504000","44954000","21766380","0","0","90632000","1684535400"
"2024","2023","전주기전대학","사립","전북","6107400377","6081345547","2940000","23114830","2395383658","79094500","0","132263788","0","53877700","2130147670","8502784035"
"2024","2023","전주대학교","사립","전북","32522157956","30882419726","826930960","812807270","10410753903","1368643600","3267997478","1202674352","2927800","32175000","4536335673","42932911859"
"2024","2023","전주비전대학교","사립","전북","10043133747","9851649467","776880","190707400","2359954400","248393900","0","65439600","1500000","24193000","2020427900","12403088147"
"2024","2023","정석대학","사립","서울","0","","","","0","","","","","","","0"
"2024","2023","제주관광대학교","사립","제주","4832533962","4763558972","0","68974990","708873500","96415520","0","52261574","0","9838500","550357906","5541407462"
"2024","2023","제주국제대학교","사립","제주","376789311","324695311","0","52094000","759541924","64000000","59530500","17714084","0","7014000","611283340","1136331235"
"2024","2023","제주대학교","국공립","제주","20877140841","19520894643","422684000","933562198","5995819875","2064042500","1760455000","1101065716","0","0","1070256659","26872960716"
"2024","2023","제주한라대학교","사립","제주","11007603756","10874132756","23306000","110165000","2323958924","515163000","454233500","188393254","0","57787600","1108381570","13331562680"
"2024","2023","조선간호대학교","사립","광주","1742112364","1718007364","7105000","17000000","427491126","193300500","169405750","1738426","0","0","63046450","2169603490"
"2024","2023","조선대학교","사립","광주","47687221514","46818757848","9673560","858790106","18464953242","5875711661","6895543750","460005066","14615220","265421400","4953656145","66152174756"
"2024","2023","조선이공대학교","사립","광주","7854736654","7821736654","0","33000000","2069300538","112419000","5924000","54370038","0","4193000","1892394500","9924037192"
"2024","2023","중부대학교","사립","충남","19089379479","18963094549","10867600","115417330","9735795456","2335411000","2806142000","1263381956","0","61825000","3269035500","28825174935"
"2024","2023","중앙대학교","사립","서울","45400643144","40996894635","324109760","4079638749","33327683604","7687492000","17336613350","1781186965","0","231116000","6291275289","78728326748"
"2024","2023","중앙승가대학교","사립","경기","207120000","79200000","0","127920000","26490000","7100000","0","0","0","0","19390000","233610000"
"2024","2023","중원대학교","사립","충북","7127387117","7037263777","12678250","77445090","10084239291","1209717800","20463000","92421851","0","12874000","8748762640","17211626408"
"2024","2023","진주교육대학교","국공립","경남","2206154082","2092511402","23222680","90420000","959343388","246849000","218407000","102593388","0","0","391494000","3165497470"
"2024","2023","진주보건대학교","사립","경남","8183150780","8083251500","10399280","89500000","2149946219","297220800","822831700","66290740","0","17613000","945989979","10333096999"
"2024","2023","차의과학대학교","사립","경기","6313550258","6230612790","17895200","65042268","2949979220","503059800","1167169950","207610500","0","0","1072138970","9263529478"
"2024","2023","창신대학교","사립","경남","6539807865","5555184005","13023460","971600400","1643674408","320551800","455904500","104129208","0","10466000","752622900","8183482273"
"2024","2023","창원문성대학교","사립","경남","3495483941","3449097661","10341280","36045000","889319084","353323000","0","55139964","0","0","480856120","4384803025"
"2024","2023","청강문화산업대학교","사립","경기","11002258656","10494228166","15541500","492488990","3264833672","674998600","1382122600","265322672","0","0","942389800","14267092328"
"2024","2023","청암대학교","사립","전남","6021984050","5951724050","0","70260000","1588537800","390315800","6518000","53262550","0","45980000","1092461450","7610521850"
"2024","2023","청운대학교","사립","충남","19907656989","19736657089","14743400","156256500","6907832141","1178014300","821414100","280627174","3989000","49305500","4574482067","26815489130"
"2024","2023","청주교육대학교","국공립","충북","1271231509","1106079009","8900000","156252500","635995277","201140000","178032000","80374277","0","0","176449000","1907226786"
"2024","2023","청주대학교","사립","충북","24885722317","24383118667","124895970","377707680","14415917752","6602355980","4498653600","287419922","0","202812000","2824676250","39301640069"
"2024","2023","초당대학교","사립","전남","7652919794","7402337354","3000000","247582440","3924238644","277970960","102064240","60793094","0","31823960","3451586390","11577158438"
"2024","2023","총신대학교","사립","서울","4587760231","4329168831","14000000","244591400","1434510564","322541000","594468900","285920664","0","12640000","218940000","6022270795"
"2024","2023","추계예술대학교","사립","서울","2465601270","2397685770","26472500","41443000","1164963330","551871830","399058500","90316500","0","0","123716500","3630564600"
"2024","2023","춘천교육대학교","국공립","강원","1942372662","1876644662","1249000","64479000","607391788","285352000","148954000","134242788","0","0","38843000","2549764450"
"2024","2023","춘해보건대학교","사립","울산","7452168963","7377726403","1438560","73004000","1664478447","658019000","505709500","93526447","0","0","407223500","9116647410"
"2024","2023","충남대학교","국공립","대전","28645399457","26778763725","148748770","1717886962","12453204825","5571341590","3173586560","1362882245","0","0","2345394430","41098604282"
"2024","2023","충남도립대학교","국공립","충남","2117222989","1679453489","411400000","26369500","1264737970","93432500","205164000","108928690","0","0","857212780","3381960959"
"2024","2023","충북대학교","국공립","충북","25879103475","24530295565","187013310","1161794600","10986357060","4895981160","1417274000","2372627780","0","10073600","2290400520","36865460535"
"2024","2023","충북도립대학교","국공립","충북","1358800102","1200127142","122000000","36672960","575541378","151400000","0","28934478","0","0","395206900","1934341480"
"2024","2023","충북보건과학대학교","사립","충북","5995694188","5926237198","14956990","54500000","1844082302","344448067","528416410","95469740","0","8886000","866862085","7839776490"
"2024","2023","충청대학교","사립","충북","8581234821","8452243461","37621360","91370000","2576649015","328979580","562313500","175881925","0","32290000","1477184010","11157883836"
"2024","2023","칼빈대학교","사립","경기","982967986","908747986","1200000","73020000","1869782364","43222500","0","76092564","0","7140000","1743327300","2852750350"
"2024","2023","태재대학교","사립","서울","56150000","45650000","0","10500000","266338600","5100000","3300000","0","0","0","257938600","322488600"
"2024","2023","평택대학교","사립","경기","7335280167","7210020567","7190600","118069000","3852120866","1181126000","1147754400","221499046","22500000","79269000","1199972420","11187401033"
"2024","2023","포항공과대학교","사립","경북","4743191874","3694230703","0","1048961171","4365012064","63900000","84011200","351524174","0","0","3865576690","9108203938"
"2024","2023","포항대학교","사립","경북","5445709569","5117784169","259325400","68600000","1194734479","146585500","1244000","68020312","0","0","978884667","6640444048"
"2024","2023","한경국립대학교","국공립","경기","10690456166","10600662006","37847880","51946280","3718575252","1496712110","429901850","946277102","0","0","845684190","14409031418"
"2024","2023","한국골프대학교","사립","강원","1405191046","1329544166","51446880","24200000","649470567","87889400","637500","7250000","0","0","553693667","2054661613"
"2024","2023","한국공학대학교","사립","경기","14654018450","14387394710","28320900","238302840","9670395208","3573354740","1352485830","808587710","0","39880000","3896086928","24324413658"
"2024","2023","한국과학기술원","국공립","대전","5265396862","4477628902","1277000","786490960","22213505318","4388054592","369740080","311820740","0","0","17143889906","27478902180"
"2024","2023","한국관광대학교","사립","경기","3427450548","3410047548","3800000","13603000","1203336086","130322370","72356400","56831968","0","10340370","933484978","4630786634"
"2024","2023","한국교원대학교","국공립","충북","4094618838","3857127208","31852000","205639630","1736153012","313020000","427660870","854357142","0","0","141115000","5830771850"
"2024","2023","한국기술교육대학교","사립","충남","8176501419","8021299139","18721030","136481250","6091965317","2099507350","110472250","2126359717","0","10371000","1745255000","14268466736"
"2024","2023","한국농수산대학교","국공립","전북","188150000","188150000","0","0","0","0","0","0","0","0","0","188150000"
"2024","2023","한국방송통신대학교","국공립","서울","12588640059","12472562703","2486966","113590390","8046603260","3297705220","730615250","1237345250","0","0","2780937540","20635243319"
"2024","2023","한국복지대학교","국공립","경기","12565360","0","12565360","0","220934457","94069885","26750000","63679572","0","0","36435000","233499817"
"2024","2023","한국복지사이버대학교","사립","경북","3359890000","3359890000","0","0","1762503000","87840000","17010000","0","0","7956000","1649697000","5122393000"
"2024","2023","한국성서대학교","사립","서울","3209813431","3127153431","32800000","49860000","1144899957","240313000","61014000","262366097","0","3176000","578030860","4354713388"
"2024","2023","한국승강기대학교","사립","경남","2164425414","2099003934","31952480","33469000","672384700","118865300","300095000","13358700","0","0","240065700","2836810114"
"2024","2023","한국에너지공과대학교","국공립","전남","250400000","245900000","0","4500000","2735300000","0","0","0","0","0","2735300000","2985700000"
"2024","2023","한국열린사이버대학교","사립","서울","7204160860","7201160860","3000000","0","3255306200","226279700","137880000","0","0","69207600","2821938900","10459467060"
"2024","2023","한국영상대학교","사립","세종","9348646275","9258731315","7489960","82425000","2286219104","809907000","398284000","285149464","0","8174000","784704640","11634865379"
"2024","2023","한국예술종합학교","국공립","서울","3648138200","3191775700","12300000","444062500","1411420625","920042000","10323000","413774625","0","0","67281000","5059558825"
"2024","2023","한국외국어대학교","사립","서울","29036510214","25948678395","450784980","2637046839","15756850590","3497711200","7069555290","889066921","0","84823500","4215693679","44793360804"
"2024","2023","한국전통문화대학교","국공립","충남","639975150","621975150","0","18000000","779082100","499629100","9000000","13598400","0","0","256854600","1419057250"
"2024","2023","한국체육대학교","국공립","서울","4587540388","4332804888","47726100","207009400","2412478422","2026999990","205939000","45539432","0","0","134000000","7000018810"
"2024","2023","한국침례신학대학교","사립","대전","4835579878","4354344578","2000000","479235300","542585877","92821766","227347033","87186338","0","15075200","120155540","5378165755"
"2024","2023","한국폴리텍 I 대학 서울강서캠퍼스 ","사립","서울","497083000","482089000","0","14994000","107389000","53621000","16211000","36310000","0","0","1247000","604472000"
"2024","2023","한국폴리텍 I 대학 서울정수캠퍼스 ","사립","서울","1245129669","1180629669","0","64500000","265878500","99760000","80345000","60210000","0","11223000","14340500","1511008169"
"2024","2023","한국폴리텍 I 대학 성남캠퍼스 ","사립","경기","567406653","540074653","0","27332000","126962000","64448000","7296000","42450000","0","4864000","7904000","694368653"
"2024","2023","한국폴리텍 I 대학 제주캠퍼스 ","사립","제주","46280000","43280000","0","3000000","11720000","5410000","3746000","400000","0","0","2164000","58000000"
"2024","2023","한국폴리텍 II 대학 남인천캠퍼스 ","사립","인천","58868000","42698000","0","16170000","14223000","11223000","3000000","0","0","0","0","73091000"
"2024","2023","한국폴리텍 II 대학 인천캠퍼스 ","사립","인천","1841861650","1767914650","1247000","72700000","370895000","165851000","49416000","113230000","0","2494000","39904000","2212756650"
"2024","2023","한국폴리텍 III 대학 강릉캠퍼스 ","사립","강원","166777000","158877000","0","7900000","30737680","17720500","7617180","2968000","0","0","2432000","197514680"
"2024","2023","한국폴리텍 III 대학 원주캠퍼스 ","사립","강원","132461000","111961000","0","20500000","17094000","4348000","6898000","2328000","0","0","3520000","149555000"
"2024","2023","한국폴리텍 III 대학 춘천캠퍼스 ","사립","강원","260508000","228608000","0","31900000","72960000","34048000","7296000","21280000","0","0","10336000","333468000"
"2024","2023","한국폴리텍 IV 대학 대전캠퍼스 ","사립","대전","859012960","825840000","1572960","31600000","173344000","66880000","20672000","68160000","0","4864000","12768000","1032356960"
"2024","2023","한국폴리텍 IV 대학 아산캠퍼스 ","사립","충남","532012667","497762667","0","34250000","95622000","48640000","6016000","39750000","0","0","1216000","627634667"
"2024","2023","한국폴리텍 IV 대학 청주캠퍼스 ","사립","충북","854438720","829312000","5126720","20000000","160844000","55936000","0","94572000","0","4864000","5472000","1015282720"
"2024","2023","한국폴리텍 IV 대학 충남캠퍼스 ","사립","충남","168044000","125430000","24132000","18482000","40586000","24886000","0","15700000","0","0","0","208630000"
"2024","2023","한국폴리텍 V 대학 광주캠퍼스 ","사립","광주","1057245500","1025083500","0","32162000","172761000","71744000","44655000","35690000","0","6080000","14592000","1230006500"
"2024","2023","한국폴리텍 V 대학 순천캠퍼스 ","사립","전남","0","","","","0","","","","","","","0"
"2024","2023","한국폴리텍 V 대학 익산캠퍼스 ","사립","전북","143184000","120384000","18500000","4300000","24892000","17024000","3500000","4368000","0","0","0","168076000"
"2024","2023","한국폴리텍 V 대학 전남캠퍼스 ","사립","전남","175062334","161398334","0","13664000","39318000","21640000","10650000","2700000","0","0","4328000","214380334"
"2024","2023","한국폴리텍 V 대학 전북캠퍼스 ","사립","전북","525711002","503657002","10000000","12054000","96509000","45259500","38607500","8000000","0","0","4642000","622220002"
"2024","2023","한국폴리텍 VI 대학 구미캠퍼스 ","사립","경북","611217000","590941000","6776000","13500000","124016000","48640000","35000000","14840000","0","2432000","23104000","735233000"
"2024","2023","한국폴리텍 VI 대학 대구캠퍼스 ","사립","대구","676333000","657533000","0","18800000","124766000","57152000","39020000","23730000","0","2432000","2432000","801099000"
"2024","2023","한국폴리텍 VI 대학 영남융합기술캠퍼스 ","사립","대구","230102000","181842000","0","48260000","45671000","26752000","15812000","1283000","0","0","1824000","275773000"
"2024","2023","한국폴리텍 VI 대학 영주캠퍼스 ","사립","경북","59018000","53018000","4000000","2000000","8160000","5410000","1360000","1390000","0","0","0","67178000"
"2024","2023","한국폴리텍 VII 대학 동부산캠퍼스 ","사립","부산","0","","","","0","","","","","","","0"
"2024","2023","한국폴리텍 VII 대학 부산캠퍼스 ","사립","부산","928471558","898771558","3000000","26700000","187928944","65664000","34048000","77272944","0","3648000","7296000","1116400502"
"2024","2023","한국폴리텍 VII 대학 울산캠퍼스 ","사립","울산","771504002","707104002","0","64400000","168052000","59584000","22604000","81000000","0","0","4864000","939556002"
"2024","2023","한국폴리텍 VII 대학 진주캠퍼스 ","사립","경남","0","","","","0","","","","","","","0"
"2024","2023","한국폴리텍 VII 대학 창원캠퍼스 ","사립","경남","1891622667","1812122667","0","79500000","314529334","126464000","27968000","132940000","0","17024000","10133334","2206152001"
"2024","2023","한국폴리텍 특성화대학 로봇캠퍼스 ","사립","경북","156406667","145052667","1872000","9482000","32748000","25968000","0","5280000","0","0","1500000","189154667"
"2024","2023","한국폴리텍 특성화대학 바이오캠퍼스 ","사립","충남","445233750","420138750","4095000","21000000","97222500","40222500","23000000","11600000","0","8700000","13700000","542456250"
"2024","2023","한국폴리텍 특성화대학 반도체융합캠퍼스 ","사립","경기","407280000","401280000","0","6000000","157526200","59584000","2979200","66995000","0","1216000","26752000","564806200"
"2024","2023","한국폴리텍 특성화대학 항공캠퍼스 ","사립","경남","363670862","352270862","1000000","10400000","79191250","34067500","3662500","33917500","0","1217500","6326250","442862112"
"2024","2023","한국항공대학교","사립","경기","7612715497","7083137107","79644210","449934180","5771628313","1558907560","1384754030","828224713","0","20022000","1979720010","13384343810"
"2024","2023","한남대학교","사립","대전","29880213682","29525357132","86707940","268148610","12308914341","3521124020","4029258915","625088912","0","81972840","4051469654","42189128023"
"2024","2023","한동대학교","사립","경북","11957079448","11053073258","22500000","881506190","4253000879","934802600","1028341700","1142286335","0","9311750","1138258494","16210080327"
"2024","2023","한라대학교","사립","강원","8368271581","7698019571","495307360","174944650","3631269162","1622257850","116389330","116818064","0","31225000","1744578918","11999540743"
"2024","2023","한림대학교","사립","강원","18976253994","17916591302","443910400","615752292","8871538708","3961495010","1299206950","732593358","0","0","2878243390","27847792702"
"2024","2023","한림성심대학교","사립","강원","7447792927","7312627927","58473000","76692000","2409979562","747152258","0","479546204","840000","226900","1182214200","9857772489"
"2024","2023","한서대학교","사립","충남","15696466484","15307205715","148856769","240404000","8837003566","3133819000","1674365000","360267566","0","63756000","3604796000","24533470050"
"2024","2023","한성대학교","사립","서울","15718466701","15448532741","76958060","192975900","8532422998","1551476495","1036768300","1800978526","0","31898500","4111301177","24250889699"
"2024","2023","한세대학교","사립","경기","6072850636","5943160836","23715800","105974000","3871987664","757464000","1018135700","94296044","0","0","2002091920","9944838300"
"2024","2023","한신대학교","사립","경기","12296654657","12100864457","23169200","172621000","5300304454","2003053666","1421015200","847262258","0","121229000","907744330","17596959111"
"2024","2023","한양대학교","사립","서울","31252296399","27645391416","355794750","3251110233","25985248570","3777581700","6014795050","1610133133","0","141407000","14441331687","57237544969"
"2024","2023","한양대학교(ERICA)","사립","경기","23325831090","22201120916","348068220","776641954","17568120648","2468751200","6492740024","587182984","0","122904000","7896542440","40893951738"
"2024","2023","한양사이버대학교","사립","서울","18481905750","18439545750","14000000","28360000","7410008460","416932000","82906000","0","0","5605330","6904565130","25891914210"
"2024","2023","한양여자대학교","사립","서울","17416386832","17229607252","26984800","159794780","5297614751","2107170993","1378675195","276932808","0","8622800","1526212955","22714001583"
"2024","2023","한영대학교","사립","전남","3473484589","3470484589","0","3000000","938899946","88361000","43190000","38717266","0","0","768631680","4412384535"
"2024","2023","한일장신대학교","사립","전북","3141172534","3107865301","0","33307233","1118857392","153093000","25570000","49319392","0","5250000","885625000","4260029926"
"2024","2023","협성대학교","사립","경기","10050952871","9954591471","15316400","81045000","5375347705","1353783689","2454269400","381344826","3159400","34804000","1147986390","15426300576"
"2024","2023","혜전대학교","사립","충남","6905650479","6678791979","8738500","218120000","3202674986","119593850","629112590","210123566","3000000","27299600","2213545380","10108325465"
"2024","2023","호남대학교","사립","광주","18229796289","17984933929","41089280","203773080","6685591669","1512524700","808915400","410544600","0","60159800","3893447169","24915387958"
"2024","2023","호남신학대학교","사립","광주","1722253326","1697687426","0","24565900","611377140","225462234","0","64442426","0","0","321472480","2333630466"
"2024","2023","호산대학교","사립","경북","5100437752","5087137752","0","13300000","2606573528","137614130","0","12357968","0","2288250","2454313180","7707011280"
"2024","2023","호서대학교","사립","충남","28367507859","27919716179","187886700","259904980","16009991531","4573780100","3915021100","1677825494","0","120772000","5722592837","44377499390"
"2024","2023","호원대학교","사립","전북","15774544098","15665204418","53178680","56161000","6761504833","924601700","119492000","206453032","378000","102015000","5408565101","22536048931"
"2024","2023","홍익대학교","사립","서울","33956161668","32631194448","45239920","1279727300","37654915120","18168858520","9680941520","4640226208","0","87924000","5076964872","71611076788"
"2024","2023","화성의과학대학교","사립","경기","29862050","9344650","5517400","15000000","374951660","85792700","61131870","55792010","0","0","172235080","404813710"
"2024","2023","화신사이버대학교","사립","부산","4061623410","4060623410","0","1000000","583609137","0","165900000","37428987","0","53235000","327045150","4645232547"